
[
  { "number": 1, "question": "Soy más pequeño que un ratón y cuido la casa como un león.", "answer": "El candado" },
  { "number": 2, "question": "Vuelo sin alas, silbo sin boca, y tengo cola sin ser animal.", "answer": "El viento" },
  { "number": 3, "question": "Cuanto más seco, más moja.", "answer": "La toalla" },
  { "number": 4, "question": "Llevo años en el mar y no sé nadar.", "answer": "La arena" },
  { "number": 5, "question": "Todos me pisan y yo no hago ruido.", "answer": "El césped" }
]
